<?xml version="1.0" encoding="UTF-8"?>
<!DOCTYPE mapper PUBLIC "-//mybatis.org//DTD Mapper 3.0//EN" "http://mybatis.org/dtd/mybatis-3-mapper.dtd">
<mapper namespace="net.softsociety.issho.project.dao.ProjectDAO">
	
	<select id="domainCheck" parameterType="String" resultType="int">
		SELECT COUNT(*)
		FROM projects
		WHERE prj_domain = #{prj_domain}
	</select>

	<insert id="newProject" parameterType="Projects">
		INSERT INTO projects(prj_domain, prj_name)
		VALUES(#{prj_domain}, #{prj_name})
	</insert>

	<insert id="grantPM" parameterType="ProjectMember">
		INSERT INTO projectmember
		VALUES(#{prj_domain}, #{memb_mail}, #{pjmb_right})
	</insert>
	
	<select id="searchOne" parameterType="String" resultType="Projects">
		SELECT *
		FROM projects
		WHERE prj_domain = #{prj_domain}
	</select>

</mapper>